Job ID,Job URL,Job Title,Company Name,Status,Timestamp,WP ID
8a8d7fa39a75c6d7,https://lc.linkedin.com/jobs/view/executive-assistant-manager-major-caribbean-resort-at-renard-international-hospitality-search-consultants-4435270367,Executive Assistant Manager - Major Caribbean Resort,,scraped,2026-07-07T00:44:38.325806,
66011544cba29d0f,https://lc.linkedin.com/jobs/view/attach%C3%A9-client%C3%A8le-at-compugroup-medical-se-co-kgaa-4387729672,Attaché Clientèle,,scraped,2026-07-07T00:44:45.028157,
3d8077f3a6f3d40f,https://lc.linkedin.com/jobs/view/software-architect-at-compugroup-medical-se-co-kgaa-4415665547,Software Architect,,scraped,2026-07-07T00:44:53.037127,
4efc4201c300d456,https://lc.linkedin.com/jobs/view/sous-chef-french-cuisine-at-frontier-recruitment-4434655842,Sous Chef - French Cuisine,,scraped,2026-07-07T00:45:00.273239,
7b0608769372c759,https://lc.linkedin.com/jobs/view/sales-assistant-at-ryman-4436086400,Sales Assistant,Ryman,posted,2026-07-07T00:45:19.762795,20
23468aed4b07d4e6,https://lc.linkedin.com/jobs/view/attach%C3%A9-commercial-t%C3%A9l%C3%A9vente-h-f-at-compugroup-medical-se-co-kgaa-4397282250,Attaché commercial télévente H/F,,scraped,2026-07-07T00:45:22.266357,
dacd2296e963f831,https://lc.linkedin.com/jobs/view/charg%C3%A9-e-de-partenariats-at-compugroup-medical-se-co-kgaa-4407477837,Chargé.e de partenariats,,scraped,2026-07-07T00:45:29.429760,
0020ffd6225156e8,https://lc.linkedin.com/jobs/view/customer-service-representative-remote-at-aspire-talent-agency-4436212351,Customer Service Representative (Remote),Aspire Talent Agency,posted,2026-07-07T12:18:17.354111,22
3caef12871c636e9,https://lc.linkedin.com/jobs/view/member-services-representative-remote-at-aspire-talent-agency-4436219186,Member Services Representative (Remote),Aspire Talent Agency,posted,2026-07-07T12:18:26.341551,24
4c8c14b43ddae5f7,https://lc.linkedin.com/jobs/view/retail-operations-supervisor-at-promotech-inc-st-lucia-4434722275,Retail Operations Supervisor,,scraped,2026-07-07T12:18:30.965602,
24141a4c6332ea06,https://lc.linkedin.com/jobs/view/telesales-agent-at-digicel-group-4434573580,TeleSales Agent,,scraped,2026-07-07T20:33:04.325317,
9dae9a8e76e0501a,https://lc.linkedin.com/jobs/view/biotechnology-at-polytechnics-mauritius-4434829972,BIOTECHNOLOGY,,scraped,2026-07-08T15:55:22.894856,
f8f7637cd53bd6ea,https://lc.linkedin.com/jobs/view/interior-design-at-polytechnics-mauritius-4434836692,INTERIOR DESIGN,,scraped,2026-07-08T15:55:35.488037,
ca56a9ff7bef0122,https://lc.linkedin.com/jobs/view/logistics-at-polytechnics-mauritius-4434839660,LOGISTICS,,scraped,2026-07-08T15:55:45.824643,
106258d65e5fcf72,https://lc.linkedin.com/jobs/view/entrepreneurship-at-polytechnics-mauritius-4434848015,ENTREPRENEURSHIP,,scraped,2026-07-08T15:55:57.103458,
dc2334a36abd993e,https://lc.linkedin.com/jobs/view/aquaculture-at-polytechnics-mauritius-4434839652,AQUACULTURE,,scraped,2026-07-08T15:56:07.575646,
94ee8848171512f6,https://lc.linkedin.com/jobs/view/carers-at-polytechnics-mauritius-4434842595,Carers,,scraped,2026-07-08T15:56:17.949004,
eafc9d6b88a9973b,https://lc.linkedin.com/jobs/view/nutritionist-at-polytechnics-mauritius-4434842591,NUTRITIONIST,,scraped,2026-07-08T15:56:27.455211,
3ea988b680bb2321,https://lc.linkedin.com/jobs/view/sports-%23038-fitness-at-polytechnics-mauritius-4434835697,SPORTS &#038; FITNESS,,scraped,2026-07-08T15:56:37.641111,
68a9a7298af9d290,https://lc.linkedin.com/jobs/view/mathematics-at-polytechnics-mauritius-4434841629,MATHEMATICS,,scraped,2026-07-08T15:56:48.465286,
f8000363a91745c4,https://lc.linkedin.com/jobs/view/accounting-and-finance-at-polytechnics-mauritius-4434829965,ACCOUNTING AND FINANCE,,scraped,2026-07-08T15:56:59.915634,
a7eb00b2a5e48264,https://lc.linkedin.com/jobs/view/business-english-trainer-at-polytechnics-mauritius-4434847021,BUSINESS ENGLISH TRAINER,,scraped,2026-07-08T15:57:10.560525,
d27159a54102af12,https://lc.linkedin.com/jobs/view/marine-engineering-at-polytechnics-mauritius-4434846198,MARINE ENGINEERING,,scraped,2026-07-08T15:57:20.841041,
416bec64280ff1e7,https://lc.linkedin.com/jobs/view/soft-skills-trainer-at-polytechnics-mauritius-4434837707,Soft Skills Trainer,,scraped,2026-07-08T15:57:31.118980,
6c81d4040cf34239,https://lc.linkedin.com/jobs/view/human-resource-management-at-polytechnics-mauritius-4434846203,HUMAN RESOURCE MANAGEMENT,,scraped,2026-07-08T15:57:41.466837,
c51c32aa31aad871,https://lc.linkedin.com/jobs/view/civil-engineering-at-polytechnics-mauritius-4434841625,CIVIL ENGINEERING,,scraped,2026-07-08T15:57:51.621401,
020eab7d3b3798d4,https://lc.linkedin.com/jobs/view/sports-therapist-at-polytechnics-mauritius-4434827947,SPORTS THERAPIST,,scraped,2026-07-08T15:58:03.050032,
d5f998e2ccd94319,https://lc.linkedin.com/jobs/view/cybersecurity-trainer-at-polytechnics-mauritius-4434835685,CYBERSECURITY TRAINER,,scraped,2026-07-08T15:58:13.543428,
53fa90314074a6d2,https://lc.linkedin.com/jobs/view/construction-management-at-polytechnics-mauritius-4434829959,CONSTRUCTION MANAGEMENT,,scraped,2026-07-08T15:58:24.097935,
166e2895d4214c96,https://lc.linkedin.com/jobs/view/midwifery-trainer-at-polytechnics-mauritius-4434848007,MIDWIFERY TRAINER,,scraped,2026-07-08T15:58:34.543934,
0ff745f330a1b542,https://lc.linkedin.com/jobs/view/neonatal-intensive-care-trainer-at-polytechnics-mauritius-4434840601,NEONATAL INTENSIVE CARE TRAINER,,scraped,2026-07-08T15:58:44.992483,
a5951dfd0e93379b,https://lc.linkedin.com/jobs/view/renal-nursing-trainer-at-polytechnics-mauritius-4434843594,RENAL NURSING TRAINER,,scraped,2026-07-08T15:58:54.703290,
7cd07b24dff6d6cc,https://lc.linkedin.com/jobs/view/business-french-trainer-at-polytechnics-mauritius-4434848003,BUSINESS FRENCH TRAINER,,scraped,2026-07-08T15:59:04.850819,
35a990368432602b,https://lc.linkedin.com/jobs/view/insurance-at-polytechnics-mauritius-4434847044,INSURANCE,,scraped,2026-07-08T15:59:15.154822,
13c4c5be8ab55f04,https://lc.linkedin.com/jobs/view/big-data-analytics-trainer-at-polytechnics-mauritius-4434836689,BIG DATA ANALYTICS TRAINER,,scraped,2026-07-08T15:59:26.460964,
93f24566aadb92ff,https://lc.linkedin.com/jobs/view/addiction-treatment-%23038-counselling-trainer-at-polytechnics-mauritius-4434844567,ADDICTION TREATMENT &#038; COUNSELLING TRAINER,,scraped,2026-07-08T15:59:36.684319,
379b0e6d503c3437,https://lc.linkedin.com/jobs/view/culinary-arts-international-cuisine-trainer-at-polytechnics-mauritius-4434846186,CULINARY ARTS / INTERNATIONAL CUISINE TRAINER,,scraped,2026-07-08T15:59:46.988798,
7edb5473157f9c7f,https://lc.linkedin.com/jobs/view/german-trainer-at-polytechnics-mauritius-4434837703,GERMAN TRAINER,,scraped,2026-07-08T16:00:00.500859,
3ddb720ba5880235,https://lc.linkedin.com/jobs/view/high-dependency-care-intensive-care-unit-at-polytechnics-mauritius-4434827928,HIGH DEPENDENCY CARE (INTENSIVE CARE UNIT),,scraped,2026-07-08T16:00:10.802727,
8b2aa597b91f32b4,https://lc.linkedin.com/jobs/view/travel-and-tourism-trainer-at-polytechnics-mauritius-4434837706,TRAVEL AND TOURISM TRAINER,,scraped,2026-07-08T20:41:57.225418,
aa8c7d58d8254949,https://lc.linkedin.com/jobs/view/leisure-management-trainer-at-polytechnics-mauritius-4434828930,LEISURE MANAGEMENT TRAINER,,scraped,2026-07-08T20:42:11.368494,
1be64d1bb9eeeecc,https://lc.linkedin.com/jobs/view/banking-and-finance-at-polytechnics-mauritius-4434847043,BANKING AND FINANCE,,scraped,2026-07-08T20:42:31.650431,
4374f025053a2c7e,https://lc.linkedin.com/jobs/view/cardiology-cardiac-nursing-trainer-at-polytechnics-mauritius-4434845178,CARDIOLOGY/ CARDIAC NURSING TRAINER,,scraped,2026-07-08T20:43:05.832430,
26f824bec01a08bf,https://lc.linkedin.com/jobs/view/marketing-and-communications-officer-at-government-of-saint-lucia-4437156682,Marketing and Communications Officer,,scraped,2026-07-09T10:34:01.071502,
d77ccb82c2ccf920,https://lc.linkedin.com/jobs/view/deputy-chief-education-officer-instruction-department-of-education-and-digital-transformation-at-government-of-saint-lucia-4437159461,"DEPUTY CHIEF EDUCATION OFFICER - INSTRUCTION, DEPARTMENT OF EDUCATION AND DIGITAL TRANSFORMATION",,scraped,2026-07-09T10:34:08.737966,
393ad08dbabed0c7,https://lc.linkedin.com/jobs/view/education-officer-%E2%80%93-district-iv-at-government-of-saint-lucia-4437153842,Education Officer – District IV,,scraped,2026-07-09T10:34:15.668044,
f227caca6ef21544,https://lc.linkedin.com/jobs/view/government-summer-employment-programme-at-government-of-saint-lucia-4437169120,Government Summer Employment Programme,,scraped,2026-07-09T10:34:26.646967,
73d559edac429a0c,https://lc.linkedin.com/jobs/view/aeronautical-engineering-at-polytechnics-mauritius-4434848024,AERONAUTICAL ENGINEERING,,scraped,2026-07-09T10:34:39.501475,
03a8e469c40aa274,https://lc.linkedin.com/jobs/view/architecture-at-polytechnics-mauritius-4434835688,ARCHITECTURE,,scraped,2026-07-09T10:34:50.154043,
dc762303664174f0,https://lc.linkedin.com/jobs/view/avionics-at-polytechnics-mauritius-4434831891,AVIONICS,,scraped,2026-07-09T10:35:02.109604,
a86f604f496b0fa8,https://lc.linkedin.com/jobs/view/entrepreneurship-trainer-at-polytechnics-mauritius-4434838693,ENTREPRENEURSHIP TRAINER,,scraped,2026-07-09T10:35:11.675724,
f39f7cd7d1c8d7ab,https://lc.linkedin.com/jobs/view/project-management-trainer-at-polytechnics-mauritius-4434834769,PROJECT MANAGEMENT TRAINER,,scraped,2026-07-09T10:35:21.956328,
602adf4a6ceef695,https://lc.linkedin.com/jobs/view/real-estate-management-at-polytechnics-mauritius-4434843612,REAL ESTATE MANAGEMENT,,scraped,2026-07-09T10:35:32.256768,
acc98793cd548259,https://lc.linkedin.com/jobs/view/statistics-at-polytechnics-mauritius-4434825979,STATISTICS,,scraped,2026-07-09T10:35:44.850204,
6096b0cf49f4e18e,https://lc.linkedin.com/jobs/view/game-development-at-polytechnics-mauritius-4434832795,GAME DEVELOPMENT,,scraped,2026-07-09T10:35:56.887066,
2147ee3117efbdb8,https://lc.linkedin.com/jobs/view/gynaecology-obstetrics-trainer-at-polytechnics-mauritius-4434846181,GYNAECOLOGY/ OBSTETRICS TRAINER,,scraped,2026-07-09T10:36:21.572968,
36e8f060503b623f,https://lc.linkedin.com/jobs/view/electrical-engineering-trainer-at-polytechnics-mauritius-4434833763,ELECTRICAL ENGINEERING TRAINER,,scraped,2026-07-09T10:36:30.977632,
6eb276d3218ccaa6,https://lc.linkedin.com/jobs/view/contract-award-notice-for-consultancy-services-for-the-development-of-ict-policy-at-government-of-saint-lucia-4437165221,Contract Award Notice for Consultancy Services for the Development of ICT Policy,,scraped,2026-07-09T10:36:43.324407,
94ca7b70f4a207ac,https://lc.linkedin.com/jobs/view/resort-operations-manager-at-renard-international-hospitality-search-consultants-4437354517,Resort Operations Manager,,scraped,2026-07-09T18:30:46.231755,
7e05faaab33dbcf6,https://lc.linkedin.com/jobs/view/business-trainer-at-polytechnics-mauritius-4434826946,BUSINESS TRAINER,,scraped,2026-07-09T18:31:01.272647,
c1382c768dd8f8d7,https://lc.linkedin.com/jobs/view/food-and-beverages-management-trainer-at-polytechnics-mauritius-4434827930,FOOD AND BEVERAGES MANAGEMENT TRAINER,,scraped,2026-07-09T18:31:14.301899,
7ee352dc743a7cf5,https://lc.linkedin.com/jobs/view/programming-languages-trainer-at-polytechnics-mauritius-4434827934,PROGRAMMING LANGUAGES TRAINER,,scraped,2026-07-09T18:31:25.227557,
bdfeffc0c6f01717,https://lc.linkedin.com/jobs/view/emerging-technologies-at-polytechnics-mauritius-4434831887,EMERGING TECHNOLOGIES,,scraped,2026-07-09T18:31:35.198254,
a78df5ca93a23b2e,https://lc.linkedin.com/jobs/view/artificial-intelligence-trainer-at-polytechnics-mauritius-4434832793,ARTIFICIAL INTELLIGENCE TRAINER,,scraped,2026-07-09T18:31:45.541925,
7a92ba1fec71f3d5,https://lc.linkedin.com/jobs/view/sales-assistant-at-ryman-4437323078,Sales Assistant,Ryman,posted,2026-07-09T18:32:06.134556,20
1db26064ca09e58e,https://lc.linkedin.com/jobs/view/technical-mathematics-trainer-at-polytechnics-mauritius-4434839645,TECHNICAL MATHEMATICS TRAINER,,scraped,2026-07-09T18:32:08.774713,
e3ff7394eb15697f,https://lc.linkedin.com/jobs/view/psychology-at-polytechnics-mauritius-4434830858,PSYCHOLOGY,,scraped,2026-07-09T18:32:23.609054,
e32d08876821617f,https://lc.linkedin.com/jobs/view/spanish-at-polytechnics-mauritius-4434847051,Spanish,,scraped,2026-07-10T00:02:36.336895,
a983a98b5ff9b18c,https://lc.linkedin.com/jobs/view/aquaculture-trainer-at-polytechnics-mauritius-4434825963,AQUACULTURE TRAINER,,scraped,2026-07-10T00:02:46.850831,
ca67ec55a62e486c,https://lc.linkedin.com/jobs/view/sports-coaching-at-polytechnics-mauritius-4434828945,SPORTS COACHING,,scraped,2026-07-10T00:04:20.098699,
c8d7e1d8108ed0f9,https://lc.linkedin.com/jobs/view/early-childhood-care-at-polytechnics-mauritius-4434825986,EARLY CHILDHOOD CARE,,scraped,2026-07-10T00:04:30.659620,
cc11ed3ab2e42e22,https://lc.linkedin.com/jobs/view/ophthalmology-and-ophthalmic-nursing-trainer-at-polytechnics-mauritius-4434839644,OPHTHALMOLOGY AND OPHTHALMIC NURSING TRAINER,,scraped,2026-07-10T00:04:47.160118,
fedea731b40613d0,https://lc.linkedin.com/jobs/view/business-developer-at-developers-hub-pvt-ltd-4437969853,Business Developer,,scraped,2026-07-10T11:30:23.489141,
5cab402285deeddd,https://lc.linkedin.com/jobs/view/quality-assurance-at-developers-hub-pvt-ltd-4437983124,Quality Assurance,,scraped,2026-07-10T11:30:39.692009,
defddd3060ab3770,https://lc.linkedin.com/jobs/view/deputy-chief-executive-officer-deputy-ceo-at-thehivecareers-4437947442,Deputy Chief Executive Officer (Deputy CEO),TheHiveCareers,posted,2026-07-10T11:31:10.699083,36
a2821f69d291915b,https://lc.linkedin.com/jobs/view/chief-occupational-safety-and-health-officer-department-of-labour-cooperatives-and-consumer-affairs-at-government-of-saint-lucia-4438522349,"CHIEF OCCUPATIONAL SAFETY AND HEALTH OFFICER, DEPARTMENT OF LABOUR, COOPERATIVES AND CONSUMER AFFAIRS",,scraped,2026-07-10T11:31:15.343323,
c0e0ad41439cbfb1,https://lc.linkedin.com/jobs/view/internet-of-things-trainer-at-polytechnics-mauritius-4434826954,INTERNET OF THINGS TRAINER,,scraped,2026-07-10T11:31:44.265540,
2b073f6506f3b904,https://lc.linkedin.com/jobs/view/senior-php-developer-at-developers-hub-pvt-ltd-4437977349,Senior PHP Developer,,scraped,2026-07-10T11:32:06.292372,
30163dcc8f43bb61,https://lc.linkedin.com/jobs/view/deputy-chief-executive-officer-deputy-ceo-at-thehivecareers-4437943541,Deputy Chief Executive Officer (Deputy CEO),TheHiveCareers,posted,2026-07-10T18:10:14.241263,36
b00cae33942f315e,https://lc.linkedin.com/jobs/view/deputy-chief-executive-officer-deputy-ceo-at-thehivecareers-4437929886,Deputy Chief Executive Officer (Deputy CEO),TheHiveCareers,scraped,2026-07-10T18:10:18.321402,
c2e77333791a9a75,https://lc.linkedin.com/jobs/view/programme-director-education-oecs-at-government-of-saint-lucia-4439044776,"Programme Director-Education, OECS",,scraped,2026-07-10T18:10:24.957985,
15422cc43448b0fa,https://lc.linkedin.com/jobs/view/graphic-designer-at-developers-hub-pvt-ltd-4437977348,Graphic Designer,,scraped,2026-07-10T18:10:34.054397,
9d2e487af2bf102e,https://lc.linkedin.com/jobs/view/marketing-%23038-communication-trainer-at-polytechnics-mauritius-4434842574,MARKETING &#038; COMMUNICATION TRAINER,,scraped,2026-07-10T18:10:57.085398,
87032eeff5d86830,https://lc.linkedin.com/jobs/view/mental-health-nursing-trainer-at-polytechnics-mauritius-4434825966,MENTAL HEALTH NURSING TRAINER,,scraped,2026-07-10T18:11:35.848016,
cc16e0abc66f06c4,https://lc.linkedin.com/jobs/view/diabetic-care-nursing-trainer-at-polytechnics-mauritius-4434834772,DIABETIC CARE NURSING TRAINER,,scraped,2026-07-10T18:11:46.068475,
e4d1fbcbf677ed0a,https://lc.linkedin.com/jobs/view/front-end-wordpress-developer-at-developers-hub-pvt-ltd-4437980194,Front End WordPress Developer,,scraped,2026-07-10T23:35:50.903600,
02978cd7b9123726,https://lc.linkedin.com/jobs/view/procurement-officer-oecs-skills-and-innovation-project-at-government-of-saint-lucia-4439386349,Procurement Officer - OECS SKILLS AND INNOVATION PROJECT,,scraped,2026-07-11T07:25:17.995670,
eb32ebe61e26f84c,https://lc.linkedin.com/jobs/view/human-resource-business-partner-human-resource-lead-at-liberty-caribbean-4410871133,Human Resource Business Partner/Human Resource Lead,Liberty Caribbean,posted,2026-07-11T07:26:00.180607,38
59331a6b5ae86f58,https://lc.linkedin.com/jobs/view/monitoring-evaluation-and-learning-mel-officer-oecs-skills-and-innovation-project-at-government-of-saint-lucia-4439372832,"Monitoring, Evaluation and Learning (MEL) Officer - OECS SKILLS AND INNOVATION PROJECT",,scraped,2026-07-11T07:26:22.805735,
5d5d2121d35538a3,https://lc.linkedin.com/jobs/view/tour-desk-sales-agent-at-nexustours-4438331826,Tour Desk Sales Agent,,scraped,2026-07-11T15:35:00.140481,
83ad87eeea9a667f,https://lc.linkedin.com/jobs/view/innovation-business-development-services-officer-oecs-skills-and-innovation-project-at-government-of-saint-lucia-4439369941,Innovation Business Development Services Officer - OECS SKILLS AND INNOVATION PROJECT,,scraped,2026-07-11T19:56:05.131780,
6153d889c233a27c,https://lc.linkedin.com/jobs/view/backend-wordpress-developer-at-developers-hub-pvt-ltd-4437967895,Backend WordPress Developer,,scraped,2026-07-12T07:59:26.343190,
1aeb783253ecfead,https://lc.linkedin.com/jobs/view/grants-management-coordinator-oecs-skills-and-innovation-project-at-government-of-saint-lucia-4439384459,Grants Management Coordinator - OECS SKILLS AND INNOVATION PROJECT,,scraped,2026-07-12T11:48:17.584293,
57917bfa6c395775,https://lc.linkedin.com/jobs/view/interactive-and-digital-media-trainer-at-polytechnics-mauritius-4434846189,INTERACTIVE AND DIGITAL MEDIA TRAINER,,scraped,2026-07-13T18:23:21.917039,
d78f2dd6b1e5878a,https://lc.linkedin.com/jobs/view/coroner%E2%80%99s-investigation-officer-i-department-of-justice-at-government-of-saint-lucia-4440356077,"CORONER’S INVESTIGATION OFFICER I, Department of Justice",,scraped,2026-07-13T23:26:55.584402,
51e204146825186a,https://lc.linkedin.com/jobs/view/flutter-developer-at-developers-hub-pvt-ltd-4438962892,Flutter Developer,,scraped,2026-07-13T23:27:40.521087,
76073b02ff7d13e2,https://lc.linkedin.com/jobs/view/home-concierge-specialist-international-at-clever-real-estate-4437677978,Home Concierge Specialist (International),Clever Real Estate,posted,2026-07-14T17:56:09.281506,40
844a890d998dcf43,https://lc.linkedin.com/jobs/view/assistant-director-probation-and-parole-services-at-government-of-saint-lucia-4440342763,ASSISTANT DIRECTOR - Probation and Parole Services,,scraped,2026-07-14T17:56:43.887850,
cf13cfc9974e7554,https://lc.linkedin.com/jobs/view/physical-therapy-assistant-pta-per-diem-at-preferred-therapy-solutions-4439909110,Physical Therapy Assistant / PTA (Per Diem),Preferred Therapy Solutions,posted,2026-07-14T21:37:49.683913,42
f55b577e76ad24fd,https://lc.linkedin.com/jobs/view/monitoring-evaluation-consultants-for-the-msme-loan-grant-facility-at-government-of-saint-lucia-4440336950,Monitoring & Evaluation Consultants for the MSME Loan-Grant Facility,,scraped,2026-07-15T06:36:19.376917,
1ac7b080067a41f8,https://lc.linkedin.com/jobs/view/training-development-manager-at-corecruitment-ltd-4441252494,Training & Development Manager,,scraped,2026-07-15T23:36:12.579553,
8a98867632cd287d,https://lc.linkedin.com/jobs/view/backend-wordpress-developer-at-developers-hub-pvt-ltd-4439917527,Backend WordPress Developer,,scraped,2026-07-16T17:57:45.287819,
05362efbb999f0c9,https://lc.linkedin.com/jobs/view/business-developer-at-developers-hub-pvt-ltd-4440795763,Business Developer,,scraped,2026-07-16T21:47:53.057315,
846e28f4e1e51611,https://ca.linkedin.com/jobs/view/sous-chef-french-cuisine-at-frontier-recruitment-4434655842,Sous Chef - French Cuisine,,scraped,2026-07-16T21:48:14.337067,
fee59dceaa0d90eb,https://lc.linkedin.com/jobs/view/flutter-developer-at-developers-hub-pvt-ltd-4439914684,Flutter Developer,,scraped,2026-07-17T12:21:54.988443,
603f401a308f5df8,https://lc.linkedin.com/jobs/view/business-corporate-credit-solutions-manager-at-thehivecareers-4440762122,Business & Corporate Credit Solutions Manager,TheHiveCareers,posted,2026-07-17T12:22:16.163511,44
ab05f21b6c098e63,https://lc.linkedin.com/jobs/view/officer-aml-country-advisory-at-cibc-caribbean-4441998682,"Officer, AML Country Advisory",,scraped,2026-07-17T21:10:19.380067,
2aa93c0666840a4b,https://lc.linkedin.com/jobs/view/agent-administratif-et-relation-client-f-h-at-groupe-agir-%C3%A0-dom-4439277167,Agent Administratif et Relation Client F/H,,scraped,2026-07-17T21:10:32.337931,
f0f7dc1f6d6d8376,https://lc.linkedin.com/jobs/view/physical-therapist-pt-full-time-at-preferred-therapy-solutions-4432688041,Physical Therapist - PT - Full Time,Preferred Therapy Solutions,posted,2026-07-17T21:10:46.888341,46
81e69cb59e92a3c1,https://lc.linkedin.com/jobs/view/principal-%E2%80%93-primary-education-dame-pearlette-louisy-primary-school-at-government-of-saint-lucia-4442446829,Principal – Primary Education (Dame Pearlette Louisy Primary School),,scraped,2026-07-18T15:35:10.998076,
141dcd67eddc6bbb,https://lc.linkedin.com/jobs/view/luxury-marketing-social-media-manager-at-faye-gastronomie-cara%C3%AFbes-ltd-4442462522,Luxury Marketing & Social Media Manager,,scraped,2026-07-18T15:35:18.394170,
223e42719245a3c5,https://lc.linkedin.com/jobs/view/relationship-coach-at-lifttalk-com-4442724931,Relationship Coach,,scraped,2026-07-20T16:11:06.297561,
c3ae4c4dd12d7d38,https://lc.linkedin.com/jobs/view/handyman-technician-needed-at-fixtman-llc-4442731623,Handyman/Technician Needed,fixTman LLC,posted,2026-07-20T16:11:20.628623,48
7fa6e8591095e3d6,https://lc.linkedin.com/jobs/view/mystic-coach-at-lifttalk-com-4442729644,Mystic Coach,,scraped,2026-07-20T16:11:25.271193,
f1b18ca18ca88a9c,https://lc.linkedin.com/jobs/view/dynamics-365-sales-functional-consultant-at-live-d365-4442727694,Dynamics 365 Sales Functional Consultant,,scraped,2026-07-21T07:45:29.222184,
0cd35046bffe8433,https://lc.linkedin.com/jobs/view/content-safety-specialist-at-telus-digital-ai-data-solutions-4443339920,Content Safety Specialist,TELUS Digital AI Data Solutions,posted,2026-07-21T13:10:05.307448,50
a7720f1256685753,https://lc.linkedin.com/jobs/view/livreur-installateur-f-h-at-groupe-agir-%C3%A0-dom-4441013274,Livreur-Installateur F/H,,scraped,2026-07-21T23:22:17.558956,
bf2ff9135ebffe87,https://lc.linkedin.com/jobs/view/corporate-english-trainer-spanish-bilingual-at-gofluent-4443729847,Corporate English Trainer (Spanish Bilingual),goFLUENT,posted,2026-07-22T09:24:07.951358,52
059d2226a57df5d9,https://lc.linkedin.com/jobs/view/corporate-english-trainer-spanish-bilingual-at-gofluent-4442939788,Corporate English Trainer (Spanish Bilingual),,scraped,2026-07-22T09:24:14.647273,
7e540c54a50fc0c9,https://lc.linkedin.com/jobs/view/locaux-d-activit%C3%A9-at-groupe-thelene-immobilier-4442930078,Locaux d'activité,,scraped,2026-07-22T09:24:23.857842,
bcfb756da731fef8,https://lc.linkedin.com/jobs/view/locaux-d-activit%C3%A9-at-groupe-thelene-immobilier-4442924281,Locaux d'activité,,scraped,2026-07-22T20:25:42.259864,
5c4139a2d46be207,https://lc.linkedin.com/jobs/view/locaux-d-activit%C3%A9-at-groupe-thelene-immobilier-4442921416,Locaux d'activité,,scraped,2026-07-22T20:25:54.702484,
5d135d4a2346ed01,https://lc.linkedin.com/jobs/view/locaux-d-activit%C3%A9-at-groupe-thelene-immobilier-4442921444,Locaux d'activité,,scraped,2026-07-22T20:26:04.935510,
bf6f52abdff11388,https://lc.linkedin.com/jobs/view/locaux-d-activit%C3%A9-at-groupe-thelene-immobilier-4444254274,Locaux d'activité,,scraped,2026-07-23T07:52:30.538973,
23c6878eca5851b8,https://lc.linkedin.com/jobs/view/local-commercial-at-groupe-thelene-immobilier-4444261087,Local commercial,,scraped,2026-07-23T07:52:38.956496,
9f920c05abdd50aa,https://lc.linkedin.com/jobs/view/customer-acquisition-specialist-at-thehivecareers-4443877440,Customer Acquisition Specialist,TheHiveCareers,failed|wp_post_failed,2026-07-23T18:46:51.415520,
20c2551202a9f074,https://lc.linkedin.com/jobs/view/oecs-programme-assistant-at-government-of-saint-lucia-4444778106,OECS Programme Assistant,,scraped,2026-07-24T09:15:44.433012,
acd8d4579450fa42,https://lc.linkedin.com/jobs/view/plant-operator-1-nwu-at-buckeye-partners-4444375185,Plant Operator 1 NWU -,Buckeye Partners,posted,2026-07-24T20:47:35.621709,54
768f334abab935c8,https://lc.linkedin.com/jobs/view/physical-therapist-pt-full-time-at-preferred-therapy-solutions-4444336939,Physical Therapist - PT - Full Time,Preferred Therapy Solutions,posted,2026-07-25T06:38:52.701119,46
702117835f883fc3,https://lc.linkedin.com/jobs/view/contract-award-notice-for-consultancy-services-for-the-development-of-ict-policy-at-government-of-saint-lucia-4445327508,Contract Award Notice for Consultancy Services for the Development of ICT Policy,Government of Saint Lucia,posted,2026-07-25T11:59:17.670475,55
e99ec00cdff17479,https://lc.linkedin.com/jobs/view/contract-award-notice-for-consultancy-services-census-coordinator-%E2%80%93-census-of-agriculture-and-fisheries-at-government-of-saint-lucia-4445333164,Contract Award Notice for Consultancy Services: Census Coordinator – Census of Agriculture and Fisheries,Government of Saint Lucia,posted,2026-07-25T12:00:04.141131,56
0ee8f8db0ee26a67,https://lc.linkedin.com/jobs/view/agent-d-accueil-et-d-entretien-des-aagv-h-f-at-val-parisis-entreprendre-4445389436,Agent d'accueil et d'entretien des AAGV H/F,,scraped,2026-07-26T07:52:36.417551,
3348155d69c34df8,https://lc.linkedin.com/jobs/view/sentier-des-douaniers-gr%C2%AE-223-guide-complet-de-la-randonn%C3%A9e-cotentin-446-km-at-cotentin-tourisme-4445366028,Sentier des Douaniers GR® 223 : Guide complet de la randonnée Cotentin (446 km),,scraped,2026-07-26T07:52:51.803913,
78ad8ef108a921bf,https://lc.linkedin.com/jobs/view/gestionnaire-habitat-charg%C3%A9-du-permis-de-louer-en-cddh-f-at-val-parisis-entreprendre-4445600453,Gestionnaire habitat chargé du permis de louer en CDDH/F,,scraped,2026-07-26T11:49:08.752082,
1bef621ba343f8cb,https://lc.linkedin.com/jobs/view/identity-trust-fraud-intelligence-specialist-at-telus-digital-ai-data-solutions-4443350620,Identity Trust & Fraud Intelligence Specialist,TELUS Digital AI Data Solutions,posted,2026-07-26T15:50:47.415543,58
8d31b845b5559514,https://lc.linkedin.com/jobs/view/chemistry-lab-data-specialist-at-telus-digital-ai-data-solutions-4443343908,Chemistry & Lab Data Specialist,TELUS Digital AI Data Solutions,posted,2026-07-26T15:50:56.168937,60
1effd1ac132ffe4e,https://lc.linkedin.com/jobs/view/coordinateur-maintenance-amp-relation-client-h-f-at-l-usine-nouvelle-4442343888,Coordinateur Maintenance &amp; Relation client H/F,L'Usine Nouvelle,posted,2026-07-26T15:51:17.688593,62
013e768128d556e2,https://lc.linkedin.com/jobs/view/wellness-program-coach-nutritionist-background-at-thelifeco-wellbeing-4445973838,Wellness Program Coach(Nutritionist Background),,scraped,2026-07-27T18:03:43.832475,
fd3e15d15b16edf7,https://lc.linkedin.com/jobs/view/chef-de-service-de-police-municipale-f-h-at-la-gazette-des-communes-4442829748,Chef de service de police municipale (F/H),La Gazette des Communes,posted,2026-07-27T18:04:17.120270,64
bea7c2526294956c,https://lc.linkedin.com/jobs/view/senior-administrative-assistant-oecs-at-government-of-saint-lucia-4446168093,Senior Administrative Assistant - OECS,,scraped,2026-07-28T15:59:57.835808,
147e52bc66c7640e,https://lc.linkedin.com/jobs/view/restaurant-beverage-manager-at-big-chef-steakhouse-4443239740,Restaurant & Beverage Manager,,scraped,2026-07-28T16:00:29.496566,
6fba7fbb343514b2,https://lc.linkedin.com/jobs/view/facilities-manager-property-management-company-at-hrc-associates-limited-4446353336,Facilities Manager (Property Management Company),,scraped,2026-07-28T20:38:39.830649,
20760f5076616655,https://lc.linkedin.com/jobs/view/stylist-retail-part-time-at-mejuri-4445775679,Stylist (Retail) (Part-time),,scraped,2026-07-29T08:05:43.028415,
f21e129a028b7911,https://lc.linkedin.com/jobs/view/marketing-officer-at-medical-associates-limited-tapion-hospital-4446839934,Marketing Officer,,scraped,2026-07-29T20:23:37.362042,
71008890e53c7aa5,https://lc.linkedin.com/jobs/view/judge-commercial-division-of-the-high-court-eastern-caribbean-supreme-court-at-government-of-saint-lucia-4447218252,"JUDGE - Commercial Division of the High Court, Eastern Caribbean Supreme Court",,scraped,2026-07-30T23:41:10.178401,
1122da5d9eb48503,https://lc.linkedin.com/jobs/view/remote-freelance-face-deduplication-collection-at-telus-digital-ai-data-solutions-4447054758,Remote Freelance | Face Deduplication Collection,TELUS Digital AI Data Solutions,posted,2026-07-31T17:22:36.693728,66
d3526f5775edea28,https://lc.linkedin.com/jobs/view/technicien-support-informatique-h-f-at-compugroup-medical-se-co-kgaa-4447189381,Technicien support informatique (H/F),,scraped,2026-07-31T21:51:35.567957,
384166e09b3d59e7,https://lc.linkedin.com/jobs/view/face-deduplication-collection-4447701111,Face Deduplication Collection,TELUS International AI Data Solutions,posted,2026-07-31T21:51:57.187538,68
9dbe46fe881c4677,https://lc.linkedin.com/jobs/view/executive-assistant-manager-major-resort-at-renard-international-hospitality-search-consultants-4447611300,Executive Assistant Manager - Major Resort,,scraped,2026-08-02T07:50:10.676658,
b8024256588861bd,https://lc.linkedin.com/jobs/view/part-time-facilitator-4447895980,Part-Time Facilitator,GEMS Psychotherapy for Hope and Healing,posted,2026-08-02T20:23:07.323667,70
ff4145c3da46d33c,https://lc.linkedin.com/jobs/view/water-sports-manager-at-hospitality-management-jobs-4448684581,Water Sports Manager,Hospitality Management Jobs,posted,2026-08-04T02:49:43.787067,72
e5b178c0676cc5b7,https://lc.linkedin.com/jobs/view/face-deduplication-collection-wfh-at-telus-digital-ai-data-solutions-4448844493,Face Deduplication Collection (WFH),TELUS Digital AI Data Solutions,posted,2026-08-04T10:43:18.158364,74
7e3b1211a249b95c,https://lc.linkedin.com/jobs/view/offre-d%E2%80%99emploi-%E2%80%93-data-scientistcdi-at-regulation-partners-4449076592,OFFRE D’EMPLOI – DATA SCIENTISTcdi,,scraped,2026-08-04T23:06:59.782824,
b4421feb3a31ec43,https://lc.linkedin.com/jobs/view/customer-acquisition-specialist-cas-remote-at-thehivecareers-4448907787,Customer Acquisition Specialist (CAS)-Remote,TheHiveCareers,posted,2026-08-05T02:46:51.696990,76
fe46b5f36c6ce218,https://lc.linkedin.com/jobs/view/mandarin-lecturer-trainer-at-polytechnics-mauritius-4447323173,MANDARIN LECTURER / TRAINER,,scraped,2026-08-05T02:47:02.234717,
bf9193d43a8e3a72,https://lc.linkedin.com/jobs/view/lucia-field-at-day-mgmt-uk-4446699838,Lucia Field,Day MGMT UK,posted,2026-08-05T06:33:02.127908,78
d2df00a7de85dd97,https://lc.linkedin.com/jobs/view/internship-inservice-training-at-elliott-hamilton-law-4449096631,Internship & Inservice Training,,scraped,2026-08-05T06:33:04.798865,
dafb3e4993937022,https://lc.linkedin.com/jobs/view/italian-lecturer-trainer-at-polytechnics-mauritius-4448071737,ITALIAN LECTURER / TRAINER,,scraped,2026-08-06T02:50:01.661995,
68b70dce9458c970,https://lc.linkedin.com/jobs/view/marketing-officer-at-medical-associates-limited-tapion-hospital-4450282265,Marketing Officer,,scraped,2026-08-06T23:05:27.908769,
8b6403fc6dbcf05b,https://lc.linkedin.com/jobs/view/salesperson-remote-home-services-4445743800,Salesperson (Remote - Home Services),Self-employed,posted,2026-08-06T23:05:43.527162,80
a70326b45759eb20,https://lc.linkedin.com/jobs/view/%C2%A1las-charlas-virtuales-cient%C3%ADficas-m%C3%A1s-populares-de-puerto-rico%21-at-ciencia-puerto-rico-4450324219,¡Las charlas virtuales científicas más populares de Puerto Rico!,,scraped,2026-08-07T13:11:35.072554,
c73a4324ec841238,https://lc.linkedin.com/jobs/view/retail-care-agent-at-digicel-group-4451027231,Retail Care Agent,,scraped,2026-08-08T01:51:39.361169,
f5df6e807a958e09,https://lc.linkedin.com/jobs/view/travailleur-social-h-f-at-%C3%A9cole-pratique-de-service-social-epss-4450572895,Travailleur Social (H/F),,scraped,2026-08-08T08:46:28.393201,
ecd3463f70be3b6c,https://lc.linkedin.com/jobs/view/lumiere-festival-at-ccs-consulting-limited-4451078475,Lumiere Festival,,scraped,2026-08-08T16:37:25.256891,
fca91de693b0825e,https://lc.linkedin.com/jobs/view/resort-operations-manager-caribbean-resort-at-renard-international-hospitality-search-consultants-4450918135,Resort Operations Manager - Caribbean Resort,,scraped,2026-08-08T16:37:39.405554,
f9d9d0fae43b4c46,https://lc.linkedin.com/jobs/view/duty-maintenance-manager-at-british-airways-4451658445,Duty Maintenance Manager,,scraped,2026-08-11T11:02:43.007003,
c3da6a8682a75592,https://lc.linkedin.com/jobs/view/projects-technician-at-true-value-building-hardware-supplies-ltd-4452438942,Projects Technician,True Value Building & Hardware Supplies Ltd.,posted,2026-08-11T13:14:17.252971,82
1c9a8753e05ed394,https://lc.linkedin.com/jobs/view/technicien-perfusion-nutrition-f-h-at-groupe-agir-%C3%A0-dom-4450109638,Technicien Perfusion-Nutrition F/H,,scraped,2026-08-12T09:17:46.092616,
02a71002799b7e27,https://lc.linkedin.com/jobs/view/trainee-machine-operator-4452701995,Trainee Machine Operator,Tolyn Manufacturers Ltd,posted,2026-08-12T17:02:08.956630,84
06b2c3bae08c44a7,https://lc.linkedin.com/jobs/view/freelance-at-firstsource-4452399048,Freelance,,scraped,2026-08-13T02:13:14.200649,
c6dc9de5960a7c7c,https://lc.linkedin.com/jobs/view/regional-revenue-manager-at-bodyholiday-saint-lucia-4455109641,Regional Revenue Manager,,scraped,2026-08-15T18:33:57.900021,
0acc35151e45658d,https://lc.linkedin.com/jobs/view/business-english-trainer-at-polytechnics-mauritius-4452204380,BUSINESS ENGLISH TRAINER,,scraped,2026-08-17T01:27:05.938476,
7a5e6ec581787f26,https://lc.linkedin.com/jobs/view/aquaculture-trainer-at-polytechnics-mauritius-4452215385,AQUACULTURE TRAINER,,scraped,2026-08-17T01:27:14.271041,
891edc607804f8a6,https://lc.linkedin.com/jobs/view/electrical-engineering-trainer-at-polytechnics-mauritius-4452208386,ELECTRICAL ENGINEERING TRAINER,,scraped,2026-08-17T10:36:59.108904,
2501dd32a7b02bea,https://lc.linkedin.com/jobs/view/ports-and-shipping-specialist-at-ntu-international-a-s-4455310287,Ports and Shipping Specialist,,scraped,2026-08-17T16:31:49.293441,
68176c6dbf02bafe,https://lc.linkedin.com/jobs/view/country-head-carilend-oecs-at-carilend-caribbean-4455305736,"Country Head, Carilend OECS",,scraped,2026-08-17T18:43:34.288309,
